[{"title":"创建一副扑克牌","questions_id":"4vu7t9-t9vv08-chvz3r-n8i3nq","json_path":"4vu7t9-t9vv08-chvz3r-n8i3nq.json","subject_text":"javaScript上","subject_id":"fqtktr-1lq5u","exam_id":"8sc5d7-7p5f9e-cb2zii-ahe5i","exam_name":"周考1","user_name":"dingshaoshan","user_id":"ypay2t-7uxsd","questions_type_text":"手写代码","questions_type_id":"v8i73-r8oai","questions_stem":"一副扑克牌有54张牌，其中52张是正牌，另2张是副牌（大王和小王）。\n\n52张正牌又均分为13张一组，并以黑桃、红桃、梅花、方块四种花色表示各组，每组花色的牌包括从1-10（1通常表示为A）以及J、Q、K标示的13张牌。\n\n要求：根据以下数据生成一副扑克牌（数组）。\n\n    var types = [\"红桃\", \"黑桃\", \"方块\", \"梅花\"]; // 花色\n    var points = [\"A\", 2, 3, 4, 5, 6, 7, 8, 9, 10, \"J\", \"Q\", \"K\"]; // 点数\n    var cards = [\"大王\", \"小王\"]; // 所有扑克牌","student_answer":" 不会"},{"title":"数据结构之对象","questions_id":"ma0uj-yctlrp-xjf87d-p2xrg","json_path":"ma0uj-yctlrp-xjf87d-p2xrg.json","subject_text":"javaScript上","subject_id":"fqtktr-1lq5u","exam_id":"8sc5d7-7p5f9e-cb2zii-ahe5i","exam_name":"周考1","user_name":"dingshaoshan","user_id":"ypay2t-7uxsd","questions_type_text":"简答题","questions_type_id":"774318-730z8m","questions_stem":"## 请在 “其他“ 中查看图片。 \n \n\n\n请用一个合理的数据尽可能全面的描述图片中的物体","student_answer":"真不会"},{"title":"洗牌","questions_id":"npcnawn-0apvx-qbofy-ms3t4p","json_path":"npcnawn-0apvx-qbofy-ms3t4p.json","subject_text":"javaScript上","subject_id":"fqtktr-1lq5u","exam_id":"8sc5d7-7p5f9e-cb2zii-ahe5i","exam_name":"周考1","user_name":"dingshaoshan","user_id":"ypay2t-7uxsd","questions_type_text":"代码补全","questions_type_id":"fwf0t-wla1q","questions_stem":"var pokers = [\"大王\", \"小王\", \"红桃A\", \"红桃2\", \"红桃3\", \"红桃4\", \"红桃5\", \"红桃6\", \"红桃7\", \"红桃8\", \"红桃9\", \"红桃10\", \"红桃J\", \"红桃Q\", \"红桃K\", \"黑桃A\", \"黑桃2\", \"黑桃3\", \"黑桃4\", \"黑桃5\", \"黑桃6\", \"黑桃7\", \"黑桃8\", \"黑桃9\", \"黑桃10\", \"黑桃J\", \"黑桃Q\", \"黑桃K\", \"方块A\", \"方块2\", \"方块3\", \"方块4\", \"方块5\", \"方块6\", \"方块7\", \"方块8\", \"方块9\", \"方块10\", \"方块J\", \"方块Q\", \"方块K\", \"梅花A\", \"梅花2\", \"梅花3\", \"梅花4\", \"梅花5\", \"梅花6\", \"梅花7\", \"梅花8\", \"梅花9\", \"梅花10\", \"梅花J\", \"梅花Q\", \"梅花K\"]\n\n补全以下代码完成洗牌逻辑：\n        \n        // 遍历 pokers 数组\n        for (var i = 0, len = cards.length; i < len; i++) {\n            // 生成一个随机的数组下标(0~53)\n            var index = Math.floor(___________ * len);\n            // 将当前遍历到的元素与随机下标处的元素交换位置\n            var tmp = cards[___________];\n            cards[i] = cards[index];\n            cards[___________] = tmp;\n        }\n        console.log(pokers)\n\n\n补全以下逻辑完成发牌操作（打乱的54张牌均分为三分）：\n\n        var first = cards.splice(0, 17);\n        var second = cards.splice(_______);\n        var third = cards._______(_______ , _______);","student_answer":"实在不会"}]