[
  {
    "name": "Application Start",
    "start": 1585731798294,
    "end": 1585731798855,
    "duration": 561,
    "pid": 87663,
    "index": 0
  },
  {
    "name": "Load Plugin",
    "start": 1585731798297,
    "end": 1585731798307,
    "duration": 10,
    "pid": 87663,
    "index": 1
  },
  {
    "name": "Load Config",
    "start": 1585731798307,
    "end": 1585731798317,
    "duration": 10,
    "pid": 87663,
    "index": 2
  },
  {
    "name": "Require(0) config/config.default.js",
    "start": 1585731798308,
    "end": 1585731798308,
    "duration": 0,
    "pid": 87663,
    "index": 3
  },
  {
    "name": "Require(1) node_modules/egg-session/config/config.default.js",
    "start": 1585731798309,
    "end": 1585731798309,
    "duration": 0,
    "pid": 87663,
    "index": 4
  },
  {
    "name": "Require(2) node_modules/egg-security/config/config.default.js",
    "start": 1585731798309,
    "end": 1585731798309,
    "duration": 0,
    "pid": 87663,
    "index": 5
  },
  {
    "name": "Require(3) node_modules/egg-jsonp/config/config.default.js",
    "start": 1585731798310,
    "end": 1585731798310,
    "duration": 0,
    "pid": 87663,
    "index": 6
  },
  {
    "name": "Require(4) node_modules/egg-onerror/config/config.default.js",
    "start": 1585731798310,
    "end": 1585731798310,
    "duration": 0,
    "pid": 87663,
    "index": 7
  },
  {
    "name": "Require(5) node_modules/egg-i18n/config/config.default.js",
    "start": 1585731798310,
    "end": 1585731798310,
    "duration": 0,
    "pid": 87663,
    "index": 8
  },
  {
    "name": "Require(6) node_modules/egg-watcher/config/config.default.js",
    "start": 1585731798311,
    "end": 1585731798311,
    "duration": 0,
    "pid": 87663,
    "index": 9
  },
  {
    "name": "Require(7) node_modules/egg-schedule/config/config.default.js",
    "start": 1585731798311,
    "end": 1585731798311,
    "duration": 0,
    "pid": 87663,
    "index": 10
  },
  {
    "name": "Require(8) node_modules/egg-multipart/config/config.default.js",
    "start": 1585731798311,
    "end": 1585731798312,
    "duration": 1,
    "pid": 87663,
    "index": 11
  },
  {
    "name": "Require(9) node_modules/egg-development/config/config.default.js",
    "start": 1585731798312,
    "end": 1585731798312,
    "duration": 0,
    "pid": 87663,
    "index": 12
  },
  {
    "name": "Require(10) node_modules/egg-logrotator/config/config.default.js",
    "start": 1585731798312,
    "end": 1585731798312,
    "duration": 0,
    "pid": 87663,
    "index": 13
  },
  {
    "name": "Require(11) node_modules/egg-static/config/config.default.js",
    "start": 1585731798312,
    "end": 1585731798312,
    "duration": 0,
    "pid": 87663,
    "index": 14
  },
  {
    "name": "Require(12) node_modules/egg-view/config/config.default.js",
    "start": 1585731798313,
    "end": 1585731798313,
    "duration": 0,
    "pid": 87663,
    "index": 15
  },
  {
    "name": "Require(13) node_modules/egg-mysql/config/config.default.js",
    "start": 1585731798313,
    "end": 1585731798313,
    "duration": 0,
    "pid": 87663,
    "index": 16
  },
  {
    "name": "Require(14) node_modules/egg-validate/config/config.default.js",
    "start": 1585731798313,
    "end": 1585731798313,
    "duration": 0,
    "pid": 87663,
    "index": 17
  },
  {
    "name": "Require(15) node_modules/egg-alinode/config/config.default.js",
    "start": 1585731798313,
    "end": 1585731798314,
    "duration": 1,
    "pid": 87663,
    "index": 18
  },
  {
    "name": "Require(16) node_modules/egg/config/config.default.js",
    "start": 1585731798315,
    "end": 1585731798315,
    "duration": 0,
    "pid": 87663,
    "index": 19
  },
  {
    "name": "Require(17) config/config.default.js",
    "start": 1585731798316,
    "end": 1585731798316,
    "duration": 0,
    "pid": 87663,
    "index": 20
  },
  {
    "name": "Require(18) node_modules/egg-security/config/config.local.js",
    "start": 1585731798316,
    "end": 1585731798316,
    "duration": 0,
    "pid": 87663,
    "index": 21
  },
  {
    "name": "Require(19) node_modules/egg-watcher/config/config.local.js",
    "start": 1585731798316,
    "end": 1585731798316,
    "duration": 0,
    "pid": 87663,
    "index": 22
  },
  {
    "name": "Require(20) node_modules/egg-view/config/config.local.js",
    "start": 1585731798317,
    "end": 1585731798317,
    "duration": 0,
    "pid": 87663,
    "index": 23
  },
  {
    "name": "Require(21) node_modules/egg/config/config.local.js",
    "start": 1585731798317,
    "end": 1585731798317,
    "duration": 0,
    "pid": 87663,
    "index": 24
  },
  {
    "name": "Load extend/application.js",
    "start": 1585731798318,
    "end": 1585731798325,
    "duration": 7,
    "pid": 87663,
    "index": 25
  },
  {
    "name": "Require(22) node_modules/egg-session/app/extend/application.js",
    "start": 1585731798319,
    "end": 1585731798320,
    "duration": 1,
    "pid": 87663,
    "index": 26
  },
  {
    "name": "Require(23) node_modules/egg-security/app/extend/application.js",
    "start": 1585731798320,
    "end": 1585731798320,
    "duration": 0,
    "pid": 87663,
    "index": 27
  },
  {
    "name": "Require(24) node_modules/egg-jsonp/app/extend/application.js",
    "start": 1585731798321,
    "end": 1585731798322,
    "duration": 1,
    "pid": 87663,
    "index": 28
  },
  {
    "name": "Require(25) node_modules/egg-logrotator/app/extend/application.js",
    "start": 1585731798322,
    "end": 1585731798323,
    "duration": 1,
    "pid": 87663,
    "index": 29
  },
  {
    "name": "Require(26) node_modules/egg-view/app/extend/application.js",
    "start": 1585731798323,
    "end": 1585731798324,
    "duration": 1,
    "pid": 87663,
    "index": 30
  },
  {
    "name": "Load extend/request.js",
    "start": 1585731798325,
    "end": 1585731798327,
    "duration": 2,
    "pid": 87663,
    "index": 31
  },
  {
    "name": "Require(27) node_modules/egg/app/extend/request.js",
    "start": 1585731798326,
    "end": 1585731798326,
    "duration": 0,
    "pid": 87663,
    "index": 32
  },
  {
    "name": "Load extend/response.js",
    "start": 1585731798327,
    "end": 1585731798330,
    "duration": 3,
    "pid": 87663,
    "index": 33
  },
  {
    "name": "Require(28) node_modules/egg/app/extend/response.js",
    "start": 1585731798328,
    "end": 1585731798329,
    "duration": 1,
    "pid": 87663,
    "index": 34
  },
  {
    "name": "Load extend/context.js",
    "start": 1585731798330,
    "end": 1585731798380,
    "duration": 50,
    "pid": 87663,
    "index": 35
  },
  {
    "name": "Require(29) node_modules/egg-security/app/extend/context.js",
    "start": 1585731798330,
    "end": 1585731798340,
    "duration": 10,
    "pid": 87663,
    "index": 36
  },
  {
    "name": "Require(30) node_modules/egg-jsonp/app/extend/context.js",
    "start": 1585731798340,
    "end": 1585731798342,
    "duration": 2,
    "pid": 87663,
    "index": 37
  },
  {
    "name": "Require(31) node_modules/egg-i18n/app/extend/context.js",
    "start": 1585731798342,
    "end": 1585731798343,
    "duration": 1,
    "pid": 87663,
    "index": 38
  },
  {
    "name": "Require(32) node_modules/egg-multipart/app/extend/context.js",
    "start": 1585731798343,
    "end": 1585731798377,
    "duration": 34,
    "pid": 87663,
    "index": 39
  },
  {
    "name": "Require(33) node_modules/egg-view/app/extend/context.js",
    "start": 1585731798377,
    "end": 1585731798378,
    "duration": 1,
    "pid": 87663,
    "index": 40
  },
  {
    "name": "Require(34) node_modules/egg-validate/app/extend/context.js",
    "start": 1585731798378,
    "end": 1585731798378,
    "duration": 0,
    "pid": 87663,
    "index": 41
  },
  {
    "name": "Require(35) node_modules/egg/app/extend/context.js",
    "start": 1585731798378,
    "end": 1585731798379,
    "duration": 1,
    "pid": 87663,
    "index": 42
  },
  {
    "name": "Load extend/helper.js",
    "start": 1585731798380,
    "end": 1585731798395,
    "duration": 15,
    "pid": 87663,
    "index": 43
  },
  {
    "name": "Require(36) node_modules/egg-security/app/extend/helper.js",
    "start": 1585731798380,
    "end": 1585731798393,
    "duration": 13,
    "pid": 87663,
    "index": 44
  },
  {
    "name": "Require(37) node_modules/egg/app/extend/helper.js",
    "start": 1585731798393,
    "end": 1585731798394,
    "duration": 1,
    "pid": 87663,
    "index": 45
  },
  {
    "name": "Require(38) app/extend/helper.js",
    "start": 1585731798394,
    "end": 1585731798394,
    "duration": 0,
    "pid": 87663,
    "index": 46
  },
  {
    "name": "Load app.js",
    "start": 1585731798395,
    "end": 1585731798436,
    "duration": 41,
    "pid": 87663,
    "index": 47
  },
  {
    "name": "Require(39) node_modules/egg-session/app.js",
    "start": 1585731798395,
    "end": 1585731798396,
    "duration": 1,
    "pid": 87663,
    "index": 48
  },
  {
    "name": "Require(40) node_modules/egg-security/app.js",
    "start": 1585731798396,
    "end": 1585731798397,
    "duration": 1,
    "pid": 87663,
    "index": 49
  },
  {
    "name": "Require(41) node_modules/egg-onerror/app.js",
    "start": 1585731798397,
    "end": 1585731798406,
    "duration": 9,
    "pid": 87663,
    "index": 50
  },
  {
    "name": "Require(42) node_modules/egg-i18n/app.js",
    "start": 1585731798406,
    "end": 1585731798417,
    "duration": 11,
    "pid": 87663,
    "index": 51
  },
  {
    "name": "Require(43) node_modules/egg-watcher/app.js",
    "start": 1585731798417,
    "end": 1585731798419,
    "duration": 2,
    "pid": 87663,
    "index": 52
  },
  {
    "name": "Require(44) node_modules/egg-schedule/app.js",
    "start": 1585731798419,
    "end": 1585731798420,
    "duration": 1,
    "pid": 87663,
    "index": 53
  },
  {
    "name": "Require(45) node_modules/egg-multipart/app.js",
    "start": 1585731798421,
    "end": 1585731798423,
    "duration": 2,
    "pid": 87663,
    "index": 54
  },
  {
    "name": "Require(46) node_modules/egg-development/app.js",
    "start": 1585731798424,
    "end": 1585731798424,
    "duration": 0,
    "pid": 87663,
    "index": 55
  },
  {
    "name": "Require(47) node_modules/egg-logrotator/app.js",
    "start": 1585731798424,
    "end": 1585731798425,
    "duration": 1,
    "pid": 87663,
    "index": 56
  },
  {
    "name": "Require(48) node_modules/egg-static/app.js",
    "start": 1585731798425,
    "end": 1585731798425,
    "duration": 0,
    "pid": 87663,
    "index": 57
  },
  {
    "name": "Require(49) node_modules/egg-mysql/app.js",
    "start": 1585731798425,
    "end": 1585731798432,
    "duration": 7,
    "pid": 87663,
    "index": 58
  },
  {
    "name": "Require(50) node_modules/egg-validate/app.js",
    "start": 1585731798433,
    "end": 1585731798435,
    "duration": 2,
    "pid": 87663,
    "index": 59
  },
  {
    "name": "Require(51) app.js",
    "start": 1585731798435,
    "end": 1585731798436,
    "duration": 1,
    "pid": 87663,
    "index": 60
  },
  {
    "name": "Before Start in node_modules/egg-watcher/lib/init.js:15:14",
    "start": 1585731798445,
    "end": 1585731798850,
    "duration": 405,
    "pid": 87663,
    "index": 61
  },
  {
    "name": "Before Start in node_modules/egg-mysql/lib/mysql.js:20:7",
    "start": 1585731798523,
    "end": 1585731798855,
    "duration": 332,
    "pid": 87663,
    "index": 62
  },
  {
    "name": "Load Service",
    "start": 1585731798523,
    "end": 1585731798734,
    "duration": 211,
    "pid": 87663,
    "index": 63
  },
  {
    "name": "Load \"service\" to Context",
    "start": 1585731798523,
    "end": 1585731798734,
    "duration": 211,
    "pid": 87663,
    "index": 64
  },
  {
    "name": "Load Middleware",
    "start": 1585731798735,
    "end": 1585731798816,
    "duration": 81,
    "pid": 87663,
    "index": 65
  },
  {
    "name": "Load \"middlewares\" to Application",
    "start": 1585731798735,
    "end": 1585731798809,
    "duration": 74,
    "pid": 87663,
    "index": 66
  },
  {
    "name": "Load Controller",
    "start": 1585731798816,
    "end": 1585731798825,
    "duration": 9,
    "pid": 87663,
    "index": 67
  },
  {
    "name": "Load \"controller\" to Application",
    "start": 1585731798816,
    "end": 1585731798825,
    "duration": 9,
    "pid": 87663,
    "index": 68
  },
  {
    "name": "Load Router",
    "start": 1585731798825,
    "end": 1585731798832,
    "duration": 7,
    "pid": 87663,
    "index": 69
  },
  {
    "name": "Require(52) app/router.js",
    "start": 1585731798825,
    "end": 1585731798825,
    "duration": 0,
    "pid": 87663,
    "index": 70
  },
  {
    "name": "Before Start in node_modules/egg-core/lib/egg.js:287:10",
    "start": 1585731798826,
    "end": 1585731798842,
    "duration": 16,
    "pid": 87663,
    "index": 71
  }
]